section,date,title,url
Rules,"Mar 13, 2026","Securities Contracts (Regulation) Rules, 1957 [Last amended on March 13, 2026]",https://www.sebi.gov.in/legal/rules/mar-2026/securities-contracts-regulation-rules-1957-last-amended-on-march-13-2026-_100665.html
Rules,"Mar 13, 2026","Securities Contracts (Regulation) Amendment Rules, 2026",https://www.sebi.gov.in/legal/rules/mar-2026/securities-contracts-regulation-amendment-rules-2026_100349.html
Rules,"May 19, 2025","Securities Contracts (Regulation) Rules, 1957 [Last amended on May 19, 2025]",https://www.sebi.gov.in/legal/rules/may-2025/securities-contracts-regulation-rules-1957-last-amended-on-may-19-2025-_94058.html
Rules,"May 19, 2025","Securities Contracts (Regulation) Amendment Rules, 2025",https://www.sebi.gov.in/legal/rules/may-2025/securities-contracts-regulation-amendment-rules-2025_94057.html
Regulations,"Apr 18, 2026","Securities and Exchange Board of India (Alternative Investment Funds) Regulations, 2012 [Last amended on April 18, 2026]",https://www.sebi.gov.in/legal/regulations/apr-2026/securities-and-exchange-board-of-india-alternative-investment-funds-regulations-2012-last-amended-on-april-18-2026-_101019.html
Regulations,"Apr 18, 2026","Securities and Exchange Board of India (Real Estate Investment Trusts) Regulations, 2014 [Last amended on April 18, 2026]",https://www.sebi.gov.in/legal/regulations/apr-2026/securities-and-exchange-board-of-india-real-estate-investment-trusts-regulations-2014-last-amended-on-april-18-2026-_101013.html
Regulations,"Apr 18, 2026","Securities and Exchange Board of India (Alternative Investment Funds) (Amendment) Regulations, 2026",https://www.sebi.gov.in/legal/regulations/apr-2026/securities-and-exchange-board-of-india-alternative-investment-funds-amendment-regulations-2026_100989.html
Regulations,"Apr 18, 2026","Securities and Exchange Board of India (Real Estate Investment Trusts) (Amendment) Regulations, 2026",https://www.sebi.gov.in/legal/regulations/apr-2026/securities-and-exchange-board-of-india-real-estate-investment-trusts-amendment-regulations-2026_100971.html
Regulations,"Apr 17, 2026","Securities and Exchange Board of India (Infrastructure Investment Trusts) Regulations, 2014 [Last amended on April 17, 2026]",https://www.sebi.gov.in/legal/regulations/apr-2026/securities-and-exchange-board-of-india-infrastructure-investment-trusts-regulations-2014-last-amended-on-april-17-2026-_101012.html
Regulations,"Apr 17, 2026","Securities and Exchange Board of India (Infrastructure Investment Trusts) (Amendment) Regulations, 2026",https://www.sebi.gov.in/legal/regulations/apr-2026/securities-and-exchange-board-of-india-infrastructure-investment-trusts-amendment-regulations-2026_100970.html
Regulations,"Apr 16, 2026","Securities and Exchange Board of India (Intermediaries) Regulations, 2008 [Last amended on April 16, 2026]",https://www.sebi.gov.in/legal/regulations/apr-2026/securities-and-exchange-board-of-india-intermediaries-regulations-2008-last-amended-on-april-16-2026-_101073.html
Regulations,"Apr 16, 2026","Securities and Exchange Board of India (Intermediaries) (Amendment) Regulations, 2026",https://www.sebi.gov.in/legal/regulations/apr-2026/securities-and-exchange-board-of-india-intermediaries-amendment-regulations-2026_100963.html
Regulations,"Apr 01, 2026","Securities and Exchange Board of India (Mutual Funds) Regulations, 2026",https://www.sebi.gov.in/legal/regulations/apr-2026/securities-and-exchange-board-of-india-mutual-funds-regulations-2026_100744.html
Regulations,"Mar 21, 2026","Securities and Exchange Board of India (Issue of Capital and Disclosure Requirements) Regulations, 2018 [Last amended on March 21, 2026]",https://www.sebi.gov.in/legal/regulations/mar-2026/securities-and-exchange-board-of-india-issue-of-capital-and-disclosure-requirements-regulations-2018-last-amended-on-march-21-2026-_100581.html
Regulations,"Mar 21, 2026","Securities and Exchange Board of India (Issue of Capital and Disclosure Requirements) (Amendment) Regulations, 2026",https://www.sebi.gov.in/legal/regulations/mar-2026/securities-and-exchange-board-of-india-issue-of-capital-and-disclosure-requirements-amendment-regulations-2026_100495.html
Regulations,"Mar 18, 2026","Corrigendum to Securities and Exchange Board of India (Issue of Capital and Disclosure Requirements) (Amendment) Regulations, 2025",https://www.sebi.gov.in/legal/regulations/mar-2026/corrigendum-to-securities-and-exchange-board-of-india-issue-of-capital-and-disclosure-requirements-amendment-regulations-2025_100500.html
Regulations,"Mar 12, 2026","Corrigendum to the Securities and Exchange Board of India (Listing Obligations and Disclosure Requirements) (Amendment) Regulations, 2026",https://www.sebi.gov.in/legal/regulations/mar-2026/corrigendum-to-the-securities-and-exchange-board-of-india-listing-obligations-and-disclosure-requirements-amendment-regulations-2026_100374.html
Regulations,"Jan 22, 2026","Securities and Exchange Board of India (Listing Obligations and Disclosure Requirements) Regulations, 2015 [Last amended on January 22, 2026]",https://www.sebi.gov.in/legal/regulations/jan-2026/securities-and-exchange-board-of-india-listing-obligations-and-disclosure-requirements-regulations-2015-last-amended-on-january-22-2026-_99375.html
Regulations,"Jan 22, 2026","Securities and Exchange Board of India (Listing Obligations and Disclosure Requirements) (Amendment) Regulations, 2026",https://www.sebi.gov.in/legal/regulations/jan-2026/securities-and-exchange-board-of-india-listing-obligations-and-disclosure-requirements-amendment-regulations-2026_99336.html
Regulations,"Jan 21, 2026","Securities and Exchange Board of India (Issue and Listing of Non-Convertible Securities) Regulations 2021 [Amended as on January 21, 2026]",https://www.sebi.gov.in/legal/regulations/jan-2026/securities-and-exchange-board-of-india-issue-and-listing-of-non-convertible-securities-regulations-2021-amended-as-on-january-21-2026-_99288.html
Regulations,"Jan 21, 2026","Securities and Exchange Board of India (Issue and Listing of Non-Convertible Securities) (Amendment) Regulations, 2026",https://www.sebi.gov.in/legal/regulations/jan-2026/securities-and-exchange-board-of-india-issue-and-listing-of-non-convertible-securities-amendment-regulations-2026_99233.html
Regulations,"Jan 15, 2026","Securities and Exchange Board of India (Credit Rating Agencies) Regulations, 1999 [Last amended on January 15, 2026]",https://www.sebi.gov.in/legal/regulations/jan-2026/securities-and-exchange-board-of-india-credit-rating-agencies-regulations-1999-last-amended-on-january-15-2026-_99126.html
Regulations,"Jan 15, 2026","Securities and Exchange Board of India (Credit Rating Agencies) (Amendment) Regulations, 2026",https://www.sebi.gov.in/legal/regulations/jan-2026/securities-and-exchange-board-of-india-credit-rating-agencies-amendment-regulations-2026_99125.html
Regulations,"Jan 08, 2026","Securities and Exchange Board of India (Stock Brokers) Regulations, 2026",https://www.sebi.gov.in/legal/regulations/jan-2026/securities-and-exchange-board-of-india-stock-brokers-regulations-2026_98974.html
Regulations,"Jan 07, 2026","Corrigendum to the Securities and Exchange Board of India (Registrars to an Issue and Share Transfer Agents) Regulations, 2025",https://www.sebi.gov.in/legal/regulations/jan-2026/corrigendum-to-the-securities-and-exchange-board-of-india-registrars-to-an-issue-and-share-transfer-agents-regulations-2025_98961.html
Regulations,"Dec 24, 2025","Securities and Exchange Board of India (Substantial Acquisition of Shares and Takeovers) Regulations, 2011 [Last amended on December 5, 2025]",https://www.sebi.gov.in/legal/regulations/dec-2025/securities-and-exchange-board-of-india-substantial-acquisition-of-shares-and-takeovers-regulations-2011-last-amended-on-december-5-2025-_98643.html
Regulations,"Dec 24, 2025","Securities and Exchange Board of India (Intermediaries) Regulations, 2008 [Last amended on December 5, 2025]",https://www.sebi.gov.in/legal/regulations/dec-2025/securities-and-exchange-board-of-india-intermediaries-regulations-2008-last-amended-on-december-5-2025-_98642.html
Regulations,"Dec 24, 2025","Securities and Exchange Board of India (Merchant Bankers) Regulations, 1992 [Last amended on December 5, 2025]",https://www.sebi.gov.in/legal/regulations/dec-2025/securities-and-exchange-board-of-india-merchant-bankers-regulations-1992-last-amended-on-december-5-2025-_98640.html
Regulations,"Dec 16, 2025","Securities and Exchange Board of India (Listing Obligations and Disclosure Requirements) Regulations, 2015 [Last amended on December 16, 2025]",https://www.sebi.gov.in/legal/regulations/dec-2025/securities-and-exchange-board-of-india-listing-obligations-and-disclosure-requirements-regulations-2015-last-amended-on-december-16-2025-_98594.html
Regulations,"Apr 18, 2026","Securities and Exchange Board of India (Alternative Investment Funds) Regulations, 2012 [Last amended on April 18, 2026]",https://www.sebi.gov.in/legal/regulations/apr-2026/securities-and-exchange-board-of-india-alternative-investment-funds-regulations-2012-last-amended-on-april-18-2026-_101019.html
Regulations,"Apr 18, 2026","Securities and Exchange Board of India (Real Estate Investment Trusts) Regulations, 2014 [Last amended on April 18, 2026]",https://www.sebi.gov.in/legal/regulations/apr-2026/securities-and-exchange-board-of-india-real-estate-investment-trusts-regulations-2014-last-amended-on-april-18-2026-_101013.html
Regulations,"Apr 18, 2026","Securities and Exchange Board of India (Alternative Investment Funds) (Amendment) Regulations, 2026",https://www.sebi.gov.in/legal/regulations/apr-2026/securities-and-exchange-board-of-india-alternative-investment-funds-amendment-regulations-2026_100989.html
Regulations,"Apr 18, 2026","Securities and Exchange Board of India (Real Estate Investment Trusts) (Amendment) Regulations, 2026",https://www.sebi.gov.in/legal/regulations/apr-2026/securities-and-exchange-board-of-india-real-estate-investment-trusts-amendment-regulations-2026_100971.html
Regulations,"Apr 17, 2026","Securities and Exchange Board of India (Infrastructure Investment Trusts) Regulations, 2014 [Last amended on April 17, 2026]",https://www.sebi.gov.in/legal/regulations/apr-2026/securities-and-exchange-board-of-india-infrastructure-investment-trusts-regulations-2014-last-amended-on-april-17-2026-_101012.html
Regulations,"Apr 17, 2026","Securities and Exchange Board of India (Infrastructure Investment Trusts) (Amendment) Regulations, 2026",https://www.sebi.gov.in/legal/regulations/apr-2026/securities-and-exchange-board-of-india-infrastructure-investment-trusts-amendment-regulations-2026_100970.html
Regulations,"Apr 16, 2026","Securities and Exchange Board of India (Intermediaries) Regulations, 2008 [Last amended on April 16, 2026]",https://www.sebi.gov.in/legal/regulations/apr-2026/securities-and-exchange-board-of-india-intermediaries-regulations-2008-last-amended-on-april-16-2026-_101073.html
Regulations,"Apr 16, 2026","Securities and Exchange Board of India (Intermediaries) (Amendment) Regulations, 2026",https://www.sebi.gov.in/legal/regulations/apr-2026/securities-and-exchange-board-of-india-intermediaries-amendment-regulations-2026_100963.html
Regulations,"Apr 01, 2026","Securities and Exchange Board of India (Mutual Funds) Regulations, 2026",https://www.sebi.gov.in/legal/regulations/apr-2026/securities-and-exchange-board-of-india-mutual-funds-regulations-2026_100744.html
Regulations,"Mar 21, 2026","Securities and Exchange Board of India (Issue of Capital and Disclosure Requirements) Regulations, 2018 [Last amended on March 21, 2026]",https://www.sebi.gov.in/legal/regulations/mar-2026/securities-and-exchange-board-of-india-issue-of-capital-and-disclosure-requirements-regulations-2018-last-amended-on-march-21-2026-_100581.html
Regulations,"Mar 21, 2026","Securities and Exchange Board of India (Issue of Capital and Disclosure Requirements) (Amendment) Regulations, 2026",https://www.sebi.gov.in/legal/regulations/mar-2026/securities-and-exchange-board-of-india-issue-of-capital-and-disclosure-requirements-amendment-regulations-2026_100495.html
Regulations,"Mar 18, 2026","Corrigendum to Securities and Exchange Board of India (Issue of Capital and Disclosure Requirements) (Amendment) Regulations, 2025",https://www.sebi.gov.in/legal/regulations/mar-2026/corrigendum-to-securities-and-exchange-board-of-india-issue-of-capital-and-disclosure-requirements-amendment-regulations-2025_100500.html
Regulations,"Mar 12, 2026","Corrigendum to the Securities and Exchange Board of India (Listing Obligations and Disclosure Requirements) (Amendment) Regulations, 2026",https://www.sebi.gov.in/legal/regulations/mar-2026/corrigendum-to-the-securities-and-exchange-board-of-india-listing-obligations-and-disclosure-requirements-amendment-regulations-2026_100374.html
Regulations,"Jan 22, 2026","Securities and Exchange Board of India (Listing Obligations and Disclosure Requirements) Regulations, 2015 [Last amended on January 22, 2026]",https://www.sebi.gov.in/legal/regulations/jan-2026/securities-and-exchange-board-of-india-listing-obligations-and-disclosure-requirements-regulations-2015-last-amended-on-january-22-2026-_99375.html
Regulations,"Jan 22, 2026","Securities and Exchange Board of India (Listing Obligations and Disclosure Requirements) (Amendment) Regulations, 2026",https://www.sebi.gov.in/legal/regulations/jan-2026/securities-and-exchange-board-of-india-listing-obligations-and-disclosure-requirements-amendment-regulations-2026_99336.html
Regulations,"Jan 21, 2026","Securities and Exchange Board of India (Issue and Listing of Non-Convertible Securities) Regulations 2021 [Amended as on January 21, 2026]",https://www.sebi.gov.in/legal/regulations/jan-2026/securities-and-exchange-board-of-india-issue-and-listing-of-non-convertible-securities-regulations-2021-amended-as-on-january-21-2026-_99288.html
Regulations,"Jan 21, 2026","Securities and Exchange Board of India (Issue and Listing of Non-Convertible Securities) (Amendment) Regulations, 2026",https://www.sebi.gov.in/legal/regulations/jan-2026/securities-and-exchange-board-of-india-issue-and-listing-of-non-convertible-securities-amendment-regulations-2026_99233.html
Regulations,"Jan 15, 2026","Securities and Exchange Board of India (Credit Rating Agencies) Regulations, 1999 [Last amended on January 15, 2026]",https://www.sebi.gov.in/legal/regulations/jan-2026/securities-and-exchange-board-of-india-credit-rating-agencies-regulations-1999-last-amended-on-january-15-2026-_99126.html
Regulations,"Jan 15, 2026","Securities and Exchange Board of India (Credit Rating Agencies) (Amendment) Regulations, 2026",https://www.sebi.gov.in/legal/regulations/jan-2026/securities-and-exchange-board-of-india-credit-rating-agencies-amendment-regulations-2026_99125.html
Regulations,"Jan 08, 2026","Securities and Exchange Board of India (Stock Brokers) Regulations, 2026",https://www.sebi.gov.in/legal/regulations/jan-2026/securities-and-exchange-board-of-india-stock-brokers-regulations-2026_98974.html
Regulations,"Jan 07, 2026","Corrigendum to the Securities and Exchange Board of India (Registrars to an Issue and Share Transfer Agents) Regulations, 2025",https://www.sebi.gov.in/legal/regulations/jan-2026/corrigendum-to-the-securities-and-exchange-board-of-india-registrars-to-an-issue-and-share-transfer-agents-regulations-2025_98961.html
Regulations,"Dec 24, 2025","Securities and Exchange Board of India (Substantial Acquisition of Shares and Takeovers) Regulations, 2011 [Last amended on December 5, 2025]",https://www.sebi.gov.in/legal/regulations/dec-2025/securities-and-exchange-board-of-india-substantial-acquisition-of-shares-and-takeovers-regulations-2011-last-amended-on-december-5-2025-_98643.html
Regulations,"Dec 24, 2025","Securities and Exchange Board of India (Intermediaries) Regulations, 2008 [Last amended on December 5, 2025]",https://www.sebi.gov.in/legal/regulations/dec-2025/securities-and-exchange-board-of-india-intermediaries-regulations-2008-last-amended-on-december-5-2025-_98642.html
Regulations,"Dec 24, 2025","Securities and Exchange Board of India (Merchant Bankers) Regulations, 1992 [Last amended on December 5, 2025]",https://www.sebi.gov.in/legal/regulations/dec-2025/securities-and-exchange-board-of-india-merchant-bankers-regulations-1992-last-amended-on-december-5-2025-_98640.html
Regulations,"Dec 16, 2025","Securities and Exchange Board of India (Listing Obligations and Disclosure Requirements) Regulations, 2015 [Last amended on December 16, 2025]",https://www.sebi.gov.in/legal/regulations/dec-2025/securities-and-exchange-board-of-india-listing-obligations-and-disclosure-requirements-regulations-2015-last-amended-on-december-16-2025-_98594.html
Regulations,"Dec 16, 2025","Securities and Exchange Board of India (Registrars to an Issue and Share Transfer Agents) Regulations, 2025",https://www.sebi.gov.in/legal/regulations/dec-2025/securities-and-exchange-board-of-india-registrars-to-an-issue-and-share-transfer-agents-regulations-2025_98477.html
Regulations,"Dec 16, 2025","Securities and Exchange Board of India (Listing Obligations and Disclosure Requirements) (Sixth Amendment) Regulations, 2025",https://www.sebi.gov.in/legal/regulations/dec-2025/securities-and-exchange-board-of-india-listing-obligations-and-disclosure-requirements-sixth-amendment-regulations-2025_98408.html
Regulations,"Dec 11, 2025","Securities and Exchange Board of India (Infrastructure Investment Trusts) Regulations, 2014 [Last amended on December 11, 2025]",https://www.sebi.gov.in/legal/regulations/dec-2025/securities-and-exchange-board-of-india-infrastructure-investment-trusts-regulations-2014-last-amended-on-december-11-2025-_98399.html
Regulations,"Dec 11, 2025","Securities and Exchange Board of India (Real Estate Investment Trusts) Regulations, 2014 [Last amended on December 11, 2025]",https://www.sebi.gov.in/legal/regulations/dec-2025/securities-and-exchange-board-of-india-real-estate-investment-trusts-regulations-2014-last-amended-on-december-11-2025-_98342.html
Regulations,"Dec 11, 2025","Securities and Exchange Board of India (Real Estate Investment Trusts) (Third Amendment) Regulations, 2025 dated December 11, 2025",https://www.sebi.gov.in/legal/regulations/dec-2025/securities-and-exchange-board-of-india-real-estate-investment-trusts-third-amendment-regulations-2025-dated-december-11-2025_98310.html
Regulations,"Dec 11, 2025","Securities and Exchange Board of India (Infrastructure Investment Trusts) (Fourth Amendment) Regulations, 2025 dated December 11, 2025",https://www.sebi.gov.in/legal/regulations/dec-2025/securities-and-exchange-board-of-india-infrastructure-investment-trusts-fourth-amendment-regulations-2025-dated-december-11-2025_98305.html
Regulations,"Dec 05, 2025","Securities and Exchange Board of India (Issue of Capital and Disclosure Requirements) Regulations, 2018 [Last amended on December 05, 2025]",https://www.sebi.gov.in/legal/regulations/dec-2025/securities-and-exchange-board-of-india-issue-of-capital-and-disclosure-requirements-regulations-2018-last-amended-on-december-05-2025-_98695.html
Regulations,"Dec 05, 2025","Securities and Exchange Board of India (Prohibition of Fraudulent and Unfair Trade Practices relating to Securities Market) Regulations, 2003 [Last amended on December 05, 2025]",https://www.sebi.gov.in/legal/regulations/dec-2025/securities-and-exchange-board-of-india-prohibition-of-fraudulent-and-unfair-trade-practices-relating-to-securities-market-regulations-2003-last-amended-on-december-05-2025-_98694.html
Regulations,"Dec 05, 2025","Securities and Exchange Board of India (Collective Investment Scheme) Regulations, 1999 [Last amended on December 05, 2025]",https://www.sebi.gov.in/legal/regulations/dec-2025/securities-and-exchange-board-of-india-collective-investment-scheme-regulations-1999-last-amended-on-december-05-2025-_98692.html
Regulations,"Dec 05, 2025","Securities and Exchange Board of India (Substitution of Registered Post with Speed Post) (Amendment) Regulations, 2025",https://www.sebi.gov.in/legal/regulations/dec-2025/securities-and-exchange-board-of-india-substitution-of-registered-post-with-speed-post-amendment-regulations-2025_98250.html
Regulations,"Dec 05, 2025","Securities and Exchange Board of India (Intermediaries) (Third Amendment) Regulations, 2025",https://www.sebi.gov.in/legal/regulations/dec-2025/securities-and-exchange-board-of-india-intermediaries-third-amendment-regulations-2025_98212.html
Regulations,"Dec 05, 2025","Securities and Exchange Board of India (Substantial Acquisition of Shares and Takeovers) (Amendment) Regulations, 2025",https://www.sebi.gov.in/legal/regulations/dec-2025/securities-and-exchange-board-of-india-substantial-acquisition-of-shares-and-takeovers-amendment-regulations-2025_98211.html
Regulations,"Dec 05, 2025","Securities and Exchange Board of India (Merchant Bankers) (Amendment) Regulations, 2025",https://www.sebi.gov.in/legal/regulations/dec-2025/securities-and-exchange-board-of-india-merchant-bankers-amendment-regulations-2025_98210.html
Regulations,"Dec 04, 2025","Securities and Exchange Board of India (Share Based Employee Benefits and Sweat Equity) Regulations, 2021 [Last amended on December 4, 2025]",https://www.sebi.gov.in/legal/regulations/dec-2025/securities-and-exchange-board-of-india-share-based-employee-benefits-and-sweat-equity-regulations-2021-last-amended-on-december-4-2025-_98638.html
Regulations,"Dec 04, 2025","Securities and Exchange Board of India (Share Based Employee Benefits and Sweat Equity) (Second Amendment) Regulations, 2025",https://www.sebi.gov.in/legal/regulations/dec-2025/securities-and-exchange-board-of-india-share-based-employee-benefits-and-sweat-equity-second-amendment-regulations-2025_98214.html
Regulations,"Dec 03, 2025","Securities and Exchange Board of India (Foreign Venture Capital Investors) Regulations, 2000 [Last amended on December 3, 2025]",https://www.sebi.gov.in/legal/regulations/dec-2025/securities-and-exchange-board-of-india-foreign-venture-capital-investors-regulations-2000-last-amended-on-december-3-2025-_98241.html
Regulations,"Dec 03, 2025","Securities and Exchange Board of India (Foreign Portfolio Investors) Regulations, 2019 [Last amended on December 3, 2025]",https://www.sebi.gov.in/legal/regulations/dec-2025/securities-and-exchange-board-of-india-foreign-portfolio-investors-regulations-2019-last-amended-on-december-3-2025-_98240.html
Regulations,"Dec 03, 2025","Securities and Exchange Board of India (Foreign Venture Capital Investors) (Amendment) Regulations, 2025",https://www.sebi.gov.in/legal/regulations/dec-2025/securities-and-exchange-board-of-india-foreign-venture-capital-investors-amendment-regulations-2025_98146.html
Regulations,"Dec 03, 2025","Securities and Exchange Board of India (Foreign Portfolio Investors) (Second Amendment) Regulations, 2025",https://www.sebi.gov.in/legal/regulations/dec-2025/securities-and-exchange-board-of-india-foreign-portfolio-investors-second-amendment-regulations-2025_98144.html
Regulations,"Nov 25, 2025","Securities and Exchange Board of India (Research Analysts) Regulations, 2014 [Last amended on November 25, 2025]",https://www.sebi.gov.in/legal/regulations/nov-2025/securities-and-exchange-board-of-india-research-analysts-regulations-2014-last-amended-on-november-25-2025-_98248.html
Regulations,"Nov 25, 2025","Securities and Exchange Board of India (Investment Advisers) Regulations, 2013 and Securities [Last amended on November 25, 2025]",https://www.sebi.gov.in/legal/regulations/nov-2025/securities-and-exchange-board-of-india-investment-advisers-regulations-2013-and-securities-last-amended-on-november-25-2025-_98246.html
Regulations,"Nov 25, 2025","Securities and Exchange Board of India (Research Analysts) (Second Amendment) Regulations, 2025",https://www.sebi.gov.in/legal/regulations/nov-2025/securities-and-exchange-board-of-india-research-analysts-second-amendment-regulations-2025_97961.html
Regulations,"Nov 25, 2025","Securities and Exchange Board of India (Investment Advisers) (Second Amendment) Regulations, 2025",https://www.sebi.gov.in/legal/regulations/nov-2025/securities-and-exchange-board-of-india-investment-advisers-second-amendment-regulations-2025_97960.html
Regulations,"Nov 22, 2025","Securities Contracts (Regulation) (Stock Exchanges and Clearing Corporations) Regulations 2018 [Last amended on November 22, 2025]",https://www.sebi.gov.in/legal/regulations/nov-2025/securities-contracts-regulation-stock-exchanges-and-clearing-corporations-regulations-2018-last-amended-on-november-22-2025-_98205.html
Regulations,"Nov 22, 2025","Securities and Exchange Board of India (Depositories and Participants) Regulations 2018 [Last amended on November 22, 2025]",https://www.sebi.gov.in/legal/regulations/nov-2025/securities-and-exchange-board-of-india-depositories-and-participants-regulations-2018-last-amended-on-november-22-2025-_98196.html
Regulations,"Nov 22, 2025","Securities and Exchange Board of India (Depositories and Participants) (Third Amendment) Regulations, 2025",https://www.sebi.gov.in/legal/regulations/nov-2025/securities-and-exchange-board-of-india-depositories-and-participants-third-amendment-regulations-2025_98108.html
Regulations,"Nov 22, 2025","Securities Contracts (Regulation) (Stock Exchanges and Clearing Corporations) (Fourth Amendment) Regulations, 2025",https://www.sebi.gov.in/legal/regulations/nov-2025/securities-contracts-regulation-stock-exchanges-and-clearing-corporations-fourth-amendment-regulations-2025_98107.html
Regulations,"Nov 19, 2025","Securities and Exchange Board of India (Listing Obligations and Disclosure Requirement) Regulations, 2015 [Last amended on November 19, 2025]",https://www.sebi.gov.in/legal/regulations/nov-2025/securities-and-exchange-board-of-india-listing-obligations-and-disclosure-requirement-regulations-2015-last-amended-on-november-19-2025-_98010.html
Regulations,"Nov 19, 2025","Securities and Exchange Board of India (Alternative Investment Funds) Regulations, 2012 [Last amended on November 19, 2025]",https://www.sebi.gov.in/legal/regulations/nov-2025/securities-and-exchange-board-of-india-alternative-investment-funds-regulations-2012-last-amended-on-november-19-2025-_97988.html
Regulations,"Nov 19, 2025","Securities and Exchange Board of India (Alternative Investment Funds) (Third Amendment) Regulations, 2025",https://www.sebi.gov.in/legal/regulations/nov-2025/securities-and-exchange-board-of-india-alternative-investment-funds-third-amendment-regulations-2025_97986.html
Regulations,"Nov 19, 2025","Securities and Exchange Board of India (Listing Obligations and Disclosure Requirements) (Fifth Amendment) Regulations, 2025",https://www.sebi.gov.in/legal/regulations/nov-2025/securities-and-exchange-board-of-india-listing-obligations-and-disclosure-requirements-fifth-amendment-regulations-2025_97840.html
Regulations,"Nov 01, 2025","Securities and Exchange Board of India (Mutual Funds) Regulations, 1996 [Last amended on November 01, 2025]",https://www.sebi.gov.in/legal/regulations/nov-2025/securities-and-exchange-board-of-india-mutual-funds-regulations-1996-last-amended-on-november-01-2025-_99120.html
Regulations,"Nov 01, 2025","Securities and Exchange Board of India (Issue of Capital and Disclosure Requirements) Regulations, 2018 [Last amended on November 01, 2025]",https://www.sebi.gov.in/legal/regulations/nov-2025/securities-and-exchange-board-of-india-issue-of-capital-and-disclosure-requirements-regulations-2018-last-amended-on-november-01-2025-_97730.html
Regulations,"Nov 01, 2025","Securities and Exchange Board of India (Issue of Capital and Disclosure Requirements) (Third Amendment) Regulations, 2025",https://www.sebi.gov.in/legal/regulations/nov-2025/securities-and-exchange-board-of-india-issue-of-capital-and-disclosure-requirements-third-amendment-regulations-2025_97635.html
Regulations,"Nov 01, 2025","Securities and Exchange Board of India (Mutual Funds) (Second Amendment) Regulations, 2025",https://www.sebi.gov.in/legal/regulations/nov-2025/securities-and-exchange-board-of-india-mutual-funds-second-amendment-regulations-2025_97594.html
Regulations,"Oct 28, 2025","Securities and Exchange Board of India (Issue and Listing of Non-Convertible Securities) Regulations, 2021 [Last amended on October 28, 2025]",https://www.sebi.gov.in/legal/regulations/oct-2025/securities-and-exchange-board-of-india-issue-and-listing-of-non-convertible-securities-regulations-2021-last-amended-on-october-28-2025-_97902.html
Regulations,"Oct 28, 2025","Securities and Exchange Board of India (Issue and Listing of Non-Convertible Securities) (Amendment) Regulations, 2025",https://www.sebi.gov.in/legal/regulations/oct-2025/securities-and-exchange-board-of-india-issue-and-listing-of-non-convertible-securities-amendment-regulations-2025_97593.html
Regulations,"Oct 27, 2025","Securities and Exchange Board of India (Debenture Trustees) Regulations, 1993 [Last amended on October 27, 2025]",https://www.sebi.gov.in/legal/regulations/oct-2025/securities-and-exchange-board-of-india-debenture-trustees-regulations-1993-last-amended-on-october-27-2025-_97887.html
Regulations,"Oct 27, 2025","Securities and Exchange Board of India (Listing Obligations and Disclosure Requirements) Regulations, 2015 [Last amended on October 27, 2025]",https://www.sebi.gov.in/legal/regulations/oct-2025/securities-and-exchange-board-of-india-listing-obligations-and-disclosure-requirements-regulations-2015-last-amended-on-october-27-2025-_97792.html
Regulations,"Oct 27, 2025","Securities and Exchange Board of India (Listing Obligations and Disclosure Requirements) (Fourth Amendment) Regulations, 2025",https://www.sebi.gov.in/legal/regulations/oct-2025/securities-and-exchange-board-of-india-listing-obligations-and-disclosure-requirements-fourth-amendment-regulations-2025_97591.html
Regulations,"Oct 27, 2025","Securities and Exchange Board of India (Debenture Trustees) (Amendment) Regulations, 2025",https://www.sebi.gov.in/legal/regulations/oct-2025/securities-and-exchange-board-of-india-debenture-trustees-amendment-regulations-2025_97589.html
Regulations,"Sep 23, 2025","Securities and Exchange Board of India (Custodian) Regulations, 1996 [Last amended on September 23, 2025]",https://www.sebi.gov.in/legal/regulations/sep-2025/securities-and-exchange-board-of-india-custodian-regulations-1996-last-amended-on-september-23-2025-_96871.html
Regulations,"Sep 23, 2025","Securities and Exchange Board of India (Custodian) (Amendment) Regulations, 2025",https://www.sebi.gov.in/legal/regulations/sep-2025/securities-and-exchange-board-of-india-custodian-amendment-regulations-2025_96820.html
Regulations,"Sep 09, 2025","Securities and Exchange Board of India (Issue of Capital and Disclosure Requirements) Regulations, 2018 [Last amended on September 09, 2025]",https://www.sebi.gov.in/legal/regulations/sep-2025/securities-and-exchange-board-of-india-issue-of-capital-and-disclosure-requirements-regulations-2018-last-amended-on-september-09-2025-_96753.html
Regulations,"Sep 09, 2025","Securities and Exchange Board of India (Alternative Investment Funds) Regulations 2012 [Last amended on September 09, 2025]",https://www.sebi.gov.in/legal/regulations/sep-2025/securities-and-exchange-board-of-india-alternative-investment-funds-regulations-2012-last-amended-on-september-09-2025-_96597.html
Regulations,"Sep 09, 2025","Securities and Exchange Board of India (Alternative Investment Funds) (Second Amendment) Regulations, 2025",https://www.sebi.gov.in/legal/regulations/sep-2025/securities-and-exchange-board-of-india-alternative-investment-funds-second-amendment-regulations-2025_96533.html
Regulations,"Sep 09, 2025","Securities and Exchange Board of India (Issue of Capital and Disclosure Requirements) (Second Amendment) Regulations, 2025",https://www.sebi.gov.in/legal/regulations/sep-2025/securities-and-exchange-board-of-india-issue-of-capital-and-disclosure-requirements-second-amendment-regulations-2025_96524.html
Regulations,"Sep 08, 2025","Securities and Exchange Board of India (Listing Obligations and Disclosure Requirements) Regulations, 2015 [Last amended on September 08, 2025]",https://www.sebi.gov.in/legal/regulations/sep-2025/securities-and-exchange-board-of-india-listing-obligations-and-disclosure-requirements-regulations-2015-last-amended-on-september-08-2025-_96749.html
Regulations,"Sep 08, 2025","Securities and Exchange Board of India (Share Based Employee Benefits and Sweat Equity) Regulations, 2021 [Last amended on September 8, 2025]",https://www.sebi.gov.in/legal/regulations/sep-2025/securities-and-exchange-board-of-india-share-based-employee-benefits-and-sweat-equity-regulations-2021-last-amended-on-september-8-2025-_96528.html
Regulations,"Sep 08, 2025","Securities and Exchange Board of India (Employees’ Service) Regulations, 2001 [Last amended on September 08 , 2025]",https://www.sebi.gov.in/legal/regulations/sep-2025/securities-and-exchange-board-of-india-employees-service-regulations-2001-last-amended-on-september-08-2025-_96526.html
Regulations,"Sep 08, 2025","Securities and Exchange Board of India (Employees’ Service) (Amendment) Regulations, 2025",https://www.sebi.gov.in/legal/regulations/sep-2025/securities-and-exchange-board-of-india-employees-service-amendment-regulations-2025_96525.html
Regulations,"Sep 08, 2025","Securities and Exchange Board of India (Listing Obligations and Disclosure Requirements) (Third Amendment) Regulations, 2025",https://www.sebi.gov.in/legal/regulations/sep-2025/securities-and-exchange-board-of-india-listing-obligations-and-disclosure-requirements-third-amendment-regulations-2025_96523.html
Regulations,"Sep 08, 2025","Securities and Exchange Board of India (Share Based Employee Benefits and Sweat Equity) (Amendment) Regulations, 2025",https://www.sebi.gov.in/legal/regulations/sep-2025/securities-and-exchange-board-of-india-share-based-employee-benefits-and-sweat-equity-amendment-regulations-2025_96476.html
Regulations,"Sep 03, 2025","Securities and Exchange Board of India (Portfolio Managers) Regulations, 2020 [Last amended on September 03, 2025]",https://www.sebi.gov.in/legal/regulations/sep-2025/securities-and-exchange-board-of-india-portfolio-managers-regulations-2020-last-amended-on-september-03-2025-_96560.html
Regulations,"Sep 03, 2025","Securities and Exchange Board of India (Delisting of Equity Shares) Regulations, 2021 [Last amended on September 3, 2025]",https://www.sebi.gov.in/legal/regulations/sep-2025/securities-and-exchange-board-of-india-delisting-of-equity-shares-regulations-2021-last-amended-on-september-3-2025-_96548.html
Regulations,"Sep 03, 2025","Securities and Exchange Board of India (Delisting of Equity Shares) Regulations, 2021 [Last amended on September 3, 2025]",https://www.sebi.gov.in/legal/regulations/sep-2025/securities-and-exchange-board-of-india-delisting-of-equity-shares-regulations-2021-last-amended-on-september-3-2025-_96540.html
Regulations,"Sep 03, 2025","Securities and Exchange Board of India (Infrastructure Investment Trusts) Regulations, 2014 [Last amended on September 3, 2025]",https://www.sebi.gov.in/legal/regulations/sep-2025/securities-and-exchange-board-of-india-infrastructure-investment-trusts-regulations-2014-last-amended-on-september-3-2025-_96509.html
Regulations,"Sep 03, 2025","Securities and Exchange Board of India (Real Estate Investment Trusts) Regulations, 2014 [Last amended on September 3, 2025]",https://www.sebi.gov.in/legal/regulations/sep-2025/securities-and-exchange-board-of-india-real-estate-investment-trusts-regulations-2014-last-amended-on-september-3-2025-_96508.html
Regulations,"Sep 03, 2025","Securities and Exchange Board of India (Portfolio Managers) (Amendment) Regulations, 2025",https://www.sebi.gov.in/legal/regulations/sep-2025/securities-and-exchange-board-of-india-portfolio-managers-amendment-regulations-2025_96447.html
Regulations,"Sep 03, 2025","Securities and Exchange Board of India (Delisting of Equity Shares) (Amendment) Regulations, 2025",https://www.sebi.gov.in/legal/regulations/sep-2025/securities-and-exchange-board-of-india-delisting-of-equity-shares-amendment-regulations-2025_96441.html
Regulations,"Sep 03, 2025","Securities and Exchange Board of India (Real Estate Investment Trusts) (Second Amendment) Regulations, 2025",https://www.sebi.gov.in/legal/regulations/sep-2025/securities-and-exchange-board-of-india-real-estate-investment-trusts-second-amendment-regulations-2025_96439.html
Regulations,"Sep 03, 2025","Securities and Exchange Board of India (Infrastructure Investment Trusts) (Third Amendment) Regulations, 2025",https://www.sebi.gov.in/legal/regulations/sep-2025/securities-and-exchange-board-of-india-infrastructure-investment-trusts-third-amendment-regulations-2025_96437.html
Regulations,"Sep 02, 2025","Securities and Exchange Board of India (Investor Protection and Education Fund) Regulations, 2009 [Last amended on September 2, 2025]",https://www.sebi.gov.in/legal/regulations/sep-2025/securities-and-exchange-board-of-india-investor-protection-and-education-fund-regulations-2009-last-amended-on-september-2-2025-_96546.html
Regulations,"Sep 02, 2025","Securities and Exchange Board of India (Investor Protection and Education Fund) Regulations, 2009 [Last amended on September 2, 2025]",https://www.sebi.gov.in/legal/regulations/sep-2025/securities-and-exchange-board-of-india-investor-protection-and-education-fund-regulations-2009-last-amended-on-september-2-2025-_96542.html
Regulations,"Sep 02, 2025","Securities and Exchange Board of India (Investor Protection and Education Fund) (Amendment) Regulations, 2025",https://www.sebi.gov.in/legal/regulations/sep-2025/securities-and-exchange-board-of-india-investor-protection-and-education-fund-amendment-regulations-2025_96443.html
Regulations,"Aug 21, 2025","Securities and Exchange Board of India (Foreign Portfolio Investors) Regulations, 2019 [Last amended on August 12, 2025]",https://www.sebi.gov.in/legal/regulations/aug-2025/securities-and-exchange-board-of-india-foreign-portfolio-investors-regulations-2019-last-amended-on-august-12-2025-_96167.html
Regulations,"Aug 12, 2025","Securities and Exchange Board of India (Foreign Portfolio Investors) (Amendment) Regulations, 2025",https://www.sebi.gov.in/legal/regulations/aug-2025/securities-and-exchange-board-of-india-foreign-portfolio-investors-amendment-regulations-2025_96165.html
Regulations,"Aug 07, 2025","Securities and Exchange Board of India (Investment Advisers) Regulations, 2013 [Last amended on August 7, 2025]",https://www.sebi.gov.in/legal/regulations/aug-2025/securities-and-exchange-board-of-india-investment-advisers-regulations-2013-last-amended-on-august-7-2025-_96112.html
Regulations,"Aug 07, 2025","Securities and Exchange Board of India (Investment Advisers) (Amendment) Regulations, 2025",https://www.sebi.gov.in/legal/regulations/aug-2025/securities-and-exchange-board-of-india-investment-advisers-amendment-regulations-2025_95991.html
Regulations,"Aug 06, 2025","Securities and Exchange Board of India (Research Analysts) Regulations, 2014 [Last amended on August 6, 2025]",https://www.sebi.gov.in/legal/regulations/aug-2025/securities-and-exchange-board-of-india-research-analysts-regulations-2014-last-amended-on-august-6-2025-_96110.html
Regulations,"Aug 06, 2025","Securities and Exchange Board of India (Research Analysts) (Amendment) Regulations, 2025",https://www.sebi.gov.in/legal/regulations/aug-2025/securities-and-exchange-board-of-india-research-analysts-amendment-regulations-2025_95990.html
Regulations,"Jul 15, 2025","Securities and Exchange Board of India (Certification of Associated Persons in the Securities Markets) Regulations, 2007 [Last amended on July 15, 2025]",https://www.sebi.gov.in/legal/regulations/jul-2025/securities-and-exchange-board-of-india-certification-of-associated-persons-in-the-securities-markets-regulations-2007-last-amended-on-july-15-2025-_95599.html
Regulations,"Jul 15, 2025","Securities and Exchange Board of India (Certification of Associated Persons in the Securities Markets) (Amendment) Regulations, 2025",https://www.sebi.gov.in/legal/regulations/jul-2025/securities-and-exchange-board-of-india-certification-of-associated-persons-in-the-securities-markets-amendment-regulations-2025_95569.html
Regulations,"May 23, 2025","Securities and Exchange Board of India (Alternative Investment Funds) Regulations, 2012 [Last amended on May 23, 2025]",https://www.sebi.gov.in/legal/regulations/may-2025/securities-and-exchange-board-of-india-alternative-investment-funds-regulations-2012-last-amended-on-may-23-2025-_94150.html
Regulations,"May 23, 2025","Securities and Exchange Board of India (Alternative Investment Funds) (Amendment) Regulations, 2025",https://www.sebi.gov.in/legal/regulations/may-2025/securities-and-exchange-board-of-india-alternative-investment-funds-amendment-regulations-2025_94132.html
Regulations,"May 05, 2025","Securities and Exchange Board of India (Issue and Listing of Securitised Debt Instruments and Security Receipts) Regulations, 2008 [Last amended on May 05, 2025]",https://www.sebi.gov.in/legal/regulations/may-2025/securities-and-exchange-board-of-india-issue-and-listing-of-securitised-debt-instruments-and-security-receipts-regulations-2008-last-amended-on-may-05-2025-_93889.html
Regulations,"May 05, 2025","Securities and Exchange Board of India (Issue and Listing of Securitised Debt Instruments and Security Receipts) (Amendment) Regulations, 2025",https://www.sebi.gov.in/legal/regulations/may-2025/securities-and-exchange-board-of-india-issue-and-listing-of-securitised-debt-instruments-and-security-receipts-amendment-regulations-2025_93803.html
Regulations,"May 01, 2025","Securities Contracts (Regulation) (Stock Exchanges and Clearing Corporations) Regulations 2018 [Last amended on May 1, 2025]",https://www.sebi.gov.in/legal/regulations/may-2025/securities-contracts-regulation-stock-exchanges-and-clearing-corporations-regulations-2018-last-amended-on-may-1-2025-_94050.html
Regulations,"May 01, 2025","Securities and Exchange Board of India (Listing Obligations and Disclosure Requirements) Regulations, 2015 [Last amended on May 01, 2025]",https://www.sebi.gov.in/legal/regulations/may-2025/securities-and-exchange-board-of-india-listing-obligations-and-disclosure-requirements-regulations-2015-last-amended-on-may-01-2025-_93799.html
Regulations,"May 01, 2025","Securities Contracts (Regulation) (Stock Exchanges and Clearing Corporations) (Third Amendment) Regulations, 2025",https://www.sebi.gov.in/legal/regulations/may-2025/securities-contracts-regulation-stock-exchanges-and-clearing-corporations-third-amendment-regulations-2025_93787.html
Regulations,"May 01, 2025","Securities and Exchange Board of India (Listing Obligations and Disclosure Requirements) (Second Amendment) Regulations, 2025",https://www.sebi.gov.in/legal/regulations/may-2025/securities-and-exchange-board-of-india-listing-obligations-and-disclosure-requirements-second-amendment-regulations-2025_93783.html
Regulations,"Apr 30, 2025","Securities and Exchange Board of India (Depositories and Participants) Regulations 2018 [Last amended on April 30, 2025]",https://www.sebi.gov.in/legal/regulations/apr-2025/securities-and-exchange-board-of-india-depositories-and-participants-regulations-2018-last-amended-on-april-30-2025-_94048.html
Regulations,"Apr 30, 2025","Securities and Exchange Board of India (Depositories and Participants) (Second Amendment) Regulations, 2025",https://www.sebi.gov.in/legal/regulations/apr-2025/securities-and-exchange-board-of-india-depositories-and-participants-second-amendment-regulations-2025_93786.html
Regulations,"Apr 29, 2025","Securities and Exchange Board of India (Infrastructure Investment Trusts) Regulations, 2014 [Last amended on April 29, 2025]",https://www.sebi.gov.in/legal/regulations/apr-2025/securities-and-exchange-board-of-india-infrastructure-investment-trusts-regulations-2014-last-amended-on-april-29-2025-_93706.html
Regulations,"Apr 29, 2025","Securities and Exchange Board of India (Infrastructure Investment Trusts) (Second Amendment) Regulations, 2025",https://www.sebi.gov.in/legal/regulations/apr-2025/securities-and-exchange-board-of-india-infrastructure-investment-trusts-second-amendment-regulations-2025_93705.html
Regulations,"Apr 23, 2025","Securities and Exchange Board of India (Credit Rating Agencies) Regulations 1999 [Last amended on April 23, 2025]",https://www.sebi.gov.in/legal/regulations/apr-2025/securities-and-exchange-board-of-india-credit-rating-agencies-regulations-1999-last-amended-on-april-23-2025-_93688.html
Regulations,"Apr 23, 2025","Securities and Exchange Board of India (Real Estate Investment Trusts) Regulations, 2014 [Last amended on April 23, 2025]",https://www.sebi.gov.in/legal/regulations/apr-2025/securities-and-exchange-board-of-india-real-estate-investment-trusts-regulations-2014-last-amended-on-april-23-2025-_93653.html
Regulations,"Apr 23, 2025","Securities and Exchange Board of India (Credit Rating Agencies) (Second Amendment) Regulations, 2025",https://www.sebi.gov.in/legal/regulations/apr-2025/securities-and-exchange-board-of-india-credit-rating-agencies-second-amendment-regulations-2025_93590.html
Regulations,"Apr 23, 2025","Securities and Exchange Board of India (Real Estate Investment Trusts) (Amendment) Regulations, 2025",https://www.sebi.gov.in/legal/regulations/apr-2025/securities-and-exchange-board-of-india-real-estate-investment-trusts-amendment-regulations-2025_93589.html
Regulations,"Apr 02, 2025","Securities and Exchange Board of India (Infrastructure Investment Trusts) Regulations, 2014 [Last amended on April 02, 2025]",https://www.sebi.gov.in/legal/regulations/apr-2025/securities-and-exchange-board-of-india-infrastructure-investment-trusts-regulations-2014-last-amended-on-april-02-2025-_93362.html
Regulations,"Apr 02, 2025","Securities and Exchange Board of India (Infrastructure Investment Trusts) (Amendment) Regulations, 2025",https://www.sebi.gov.in/legal/regulations/apr-2025/securities-and-exchange-board-of-india-infrastructure-investment-trusts-amendment-regulations-2025_93279.html
Regulations,"Mar 28, 2025","Securities and Exchange Board of India (Listing Obligations and Disclosure Requirements) Regulations, 2015 [Last amended on March 28, 2025]",https://www.sebi.gov.in/legal/regulations/mar-2025/securities-and-exchange-board-of-india-listing-obligations-and-disclosure-requirements-regulations-2015-last-amended-on-march-28-2025-_93409.html
Regulations,"Mar 28, 2025","Securities and Exchange Board of India (Listing Obligations and Disclosure Requirements) (Amendment) Regulations, 2025",https://www.sebi.gov.in/legal/regulations/mar-2025/securities-and-exchange-board-of-india-listing-obligations-and-disclosure-requirements-amendment-regulations-2025_93156.html
Regulations,"Mar 21, 2025","Securities Contracts (Regulation) (Stock Exchanges and Clearing Corporations) Regulations, 2018 [Last amended on March 21, 2025]",https://www.sebi.gov.in/legal/regulations/mar-2025/securities-contracts-regulation-stock-exchanges-and-clearing-corporations-regulations-2018-last-amended-on-march-21-2025-_92916.html
Regulations,"Mar 21, 2025","Securities and Exchange Board of India (Credit Rating Agencies) Regulations, 1999 [Last amended on March 21, 2025]",https://www.sebi.gov.in/legal/regulations/mar-2025/securities-and-exchange-board-of-india-credit-rating-agencies-regulations-1999-last-amended-on-march-21-2025-_92915.html
Regulations,"Mar 21, 2025","Securities and Exchange Board of India (Intermediaries) Regulations, 2008 [Last amended on March 21, 2025]",https://www.sebi.gov.in/legal/regulations/mar-2025/securities-and-exchange-board-of-india-intermediaries-regulations-2008-last-amended-on-march-21-2025-_92913.html
Regulations,"Mar 21, 2025","Securities Contracts (Regulation) (Stock Exchanges and Clearing Corporations) (Second Amendment) Regulations, 2025",https://www.sebi.gov.in/legal/regulations/mar-2025/securities-contracts-regulation-stock-exchanges-and-clearing-corporations-second-amendment-regulations-2025_92876.html
Regulations,"Mar 21, 2025","Securities and Exchange Board of India (Credit Rating Agencies) (Amendment) Regulations, 2025",https://www.sebi.gov.in/legal/regulations/mar-2025/securities-and-exchange-board-of-india-credit-rating-agencies-amendment-regulations-2025_92874.html
Regulations,"Mar 21, 2025","Securities and Exchange Board of India (Intermediaries) (Second Amendment) Regulations, 2025",https://www.sebi.gov.in/legal/regulations/mar-2025/securities-and-exchange-board-of-india-intermediaries-second-amendment-regulations-2025_92873.html
Regulations,"Mar 12, 2025","Securities and Exchange Board of India (Prohibition of Insider Trading) Regulations 2015 [Last amended on March 12, 2025]",https://www.sebi.gov.in/legal/regulations/mar-2025/securities-and-exchange-board-of-india-prohibition-of-insider-trading-regulations-2015-last-amended-on-march-12-2025-_92672.html
Regulations,"Mar 12, 2025","Securities and Exchange Board of India (Prohibition of Insider Trading) (Amendment) Regulations, 2025",https://www.sebi.gov.in/legal/regulations/mar-2025/securities-and-exchange-board-of-india-prohibition-of-insider-trading-amendment-regulations-2025_92645.html
Regulations,"Mar 08, 2025","Securities and Exchange Board of India (Issue of Capital and Disclosure Requirements) Regulations, 2018 [Last amended on March 8, 2025]",https://www.sebi.gov.in/legal/regulations/mar-2025/securities-and-exchange-board-of-india-issue-of-capital-and-disclosure-requirements-regulations-2018-last-amended-on-march-8-2025-_93559.html
Regulations,"Mar 04, 2025","Securities and Exchange Board of India (Mutual Funds) Regulations 1996 [Last amended on March 4, 2025.]",https://www.sebi.gov.in/legal/regulations/mar-2025/securities-and-exchange-board-of-india-mutual-funds-regulations-1996-last-amended-on-march-4-2025-_92574.html
Regulations,"Mar 04, 2025","Securities and Exchange Board of India (Issue of Capital and Disclosure Requirements) (Amendment) Regulations, 2025",https://www.sebi.gov.in/legal/regulations/mar-2025/securities-and-exchange-board-of-india-issue-of-capital-and-disclosure-requirements-amendment-regulations-2025_92539.html
Regulations,"Mar 04, 2025","Corrigendum to the Securities and Exchange Board of India (Mutual Funds) (Amendment) Regulations, 2025",https://www.sebi.gov.in/legal/regulations/mar-2025/corrigendum-to-the-securities-and-exchange-board-of-india-mutual-funds-amendment-regulations-2025_92521.html
Regulations,"Feb 17, 2025","Securities and Exchange Board of India (Mutual Funds) Regulations, 1996 [Last amended on February 17, 2025]",https://www.sebi.gov.in/legal/regulations/feb-2025/securities-and-exchange-board-of-india-mutual-funds-regulations-1996-last-amended-on-february-17-2025-_92040.html
Regulations,"Feb 17, 2025","Securities and Exchange Board of India (Mutual Funds) (Amendment) Regulations, 2025",https://www.sebi.gov.in/legal/regulations/feb-2025/securities-and-exchange-board-of-india-mutual-funds-amendment-regulations-2025_92004.html
Regulations,"Feb 17, 2025","Securities and Exchange Board of India (Procedure for making, amending and reviewing of Regulations) Regulations, 2025",https://www.sebi.gov.in/legal/regulations/feb-2025/securities-and-exchange-board-of-india-procedure-for-making-amending-and-reviewing-of-regulations-regulations-2025_91954.html
Regulations,"Feb 10, 2025","Securities and Exchange Board of India (Merchant Bankers) Regulations, 1992[Last amended on February 10, 2025]",https://www.sebi.gov.in/legal/regulations/feb-2025/securities-and-exchange-board-of-india-merchant-bankers-regulations-1992-last-amended-on-february-10-2025-_92447.html
Regulations,"Feb 10, 2025","Securities and Exchange Board of India (Stock Brokers) Regulations 1992 [Last amended on February 10, 2025]",https://www.sebi.gov.in/legal/regulations/feb-2025/securities-and-exchange-board-of-india-stock-brokers-regulations-1992-last-amended-on-february-10-2025-_92446.html
Regulations,"Feb 10, 2025","Securities and Exchange Board of India (Bankers to an Issue) Regulations 1994 [Last amended on February 10, 2025]",https://www.sebi.gov.in/legal/regulations/feb-2025/securities-and-exchange-board-of-india-bankers-to-an-issue-regulations-1994-last-amended-on-february-10-2025-_92444.html
Regulations,"Feb 10, 2025","Securities and Exchange Board of India (Alternative Investment Funds) Regulations, 2012 [Last amended on February 10, 2025]",https://www.sebi.gov.in/legal/regulations/feb-2025/securities-and-exchange-board-of-india-alternative-investment-funds-regulations-2012-last-amended-on-february-10-2025-_92424.html
Regulations,"Feb 10, 2025","Securities and Exchange Board of India {KYC (Know Your Client) Registration Agency} Regulations, 2011 [Last amended on February 10, 2025]",https://www.sebi.gov.in/legal/regulations/feb-2025/securities-and-exchange-board-of-india-kyc-know-your-client-registration-agency-regulations-2011-last-amended-on-february-10-2025-_92423.html
Regulations,"Feb 10, 2025","Securities and Exchange Board of India (Custodian) Regulations, 1996 [Last amended on February 10, 2025]",https://www.sebi.gov.in/legal/regulations/feb-2025/securities-and-exchange-board-of-india-custodian-regulations-1996-last-amended-on-february-10-2025-_92421.html
Regulations,"Feb 10, 2025","Securities and Exchange Board of India (Debenture Trustees) Regulations, 1993 [Last amended February 10, 2025]",https://www.sebi.gov.in/legal/regulations/feb-2025/securities-and-exchange-board-of-india-debenture-trustees-regulations-1993-last-amended-february-10-2025-_92420.html
Regulations,"Feb 10, 2025","Securities and Exchange Board of India (Foreign Portfolio Investors) Regulation, 2019 [last amended on February 10, 2025]",https://www.sebi.gov.in/legal/regulations/feb-2025/securities-and-exchange-board-of-india-foreign-portfolio-investors-regulation-2019-last-amended-on-august-12-2025-_92418.html
Regulations,"Feb 10, 2025","Securities and Exchange Board of India (Vault Managers) Regulations 2021 [Last amended on February 10, 2025]",https://www.sebi.gov.in/legal/regulations/feb-2025/securities-and-exchange-board-of-india-vault-managers-regulations-2021-last-amended-on-february-10-2025-_92416.html
Regulations,"Feb 10, 2025","Securities and Exchange Board of India (Portfolio Managers) Regulations, 2020 [Last amended on February 10, 2025]",https://www.sebi.gov.in/legal/regulations/feb-2025/securities-and-exchange-board-of-india-portfolio-managers-regulations-2020-last-amended-on-february-10-2025-_92413.html
Regulations,"Feb 10, 2025","Securities and Exchange Board of India (Registrars to an Issue and Share Transfer Agents) Regulations,1993 [Last amended on February 10, 2025]",https://www.sebi.gov.in/legal/regulations/feb-2025/securities-and-exchange-board-of-india-registrars-to-an-issue-and-share-transfer-agents-regulations-1993-last-amended-on-february-10-2025-_92412.html
Regulations,"Feb 10, 2025","Securities and Exchange Board of India (Real Estate Investment Trusts) Regulations, 2014 [Last Amended on February 10, 2025]",https://www.sebi.gov.in/legal/regulations/feb-2025/securities-and-exchange-board-of-india-real-estate-investment-trusts-regulations-2014-last-amended-on-february-10-2025-_92323.html
Regulations,"Feb 10, 2025","Securities and Exchange Board of India (Infrastructure Investment Trusts) Regulations, 2014 [Last amended on February 10, 2025]",https://www.sebi.gov.in/legal/regulations/feb-2025/securities-and-exchange-board-of-india-infrastructure-investment-trusts-regulations-2014-last-amended-on-february-10-2025-_92322.html
Regulations,"Feb 10, 2025","Securities and Exchange Board of India (Research Analysts) Regulations, 2014 [Last amended on February 10, 2025]",https://www.sebi.gov.in/legal/regulations/feb-2025/securities-and-exchange-board-of-india-research-analysts-regulations-2014-last-amended-on-february-10-2025-_92320.html
Regulations,"Feb 10, 2025","Securities and Exchange Board of India (Investment Advisers) Regulations, 2013 [Last amended on February 10, 2025]",https://www.sebi.gov.in/legal/regulations/feb-2025/securities-and-exchange-board-of-india-investment-advisers-regulations-2013-last-amended-on-february-10-2025-_92319.html
Regulations,"Feb 10, 2025","Securities and Exchange Board of India (Intermediaries) Regulations, 2008 [Last amended on February 10, 2025]",https://www.sebi.gov.in/legal/regulations/feb-2025/securities-and-exchange-board-of-india-intermediaries-regulations-2008-last-amended-on-february-10-2025-_92225.html
Regulations,"Feb 10, 2025","Securities Contracts (Regulation) (Stock Exchanges and Clearing Corporations) Regulations, 2018 [Last amended on February 10, 2025]",https://www.sebi.gov.in/legal/regulations/feb-2025/securities-contracts-regulation-stock-exchanges-and-clearing-corporations-regulations-2018-last-amended-on-february-10-2025-_92223.html
Guidelines,"Nov 18, 2025","Securities and Exchange Board of India (Informal Guidance) Scheme, 2025",https://www.sebi.gov.in/legal/guidelines/nov-2025/securities-and-exchange-board-of-india-informal-guidance-scheme-2025_98006.html
